<?xml version="1.0" encoding="UTF-8"?>
<!DOCTYPE module PUBLIC "-//Google Inc.//DTD Google Web Toolkit 1.7.1//EN" "http://google-web-toolkit.googlecode.com/svn/tags/1.7.1/distro-source/core/src/gwt-module.dtd">
<module rename-to='${rootArtifactId}'>
  <!-- Inherit the core Web Toolkit stuff.                        -->
  <inherits name='com.google.gwt.user.User'/>

  <!-- Inherit the default GWT style sheet.                       -->
  <inherits name='com.google.gwt.user.theme.standard.Standard'/>
  <!-- <inherits name='com.google.gwt.user.theme.chrome.Chrome'/> -->
  <!-- <inherits name='com.google.gwt.user.theme.dark.Dark'/>     -->

  <inherits name='com.google.gwt.json.JSON' />
  <inherits name='com.google.gwt.http.HTTP' />
  <inherits name='${package}.gwt.Model' />

  <!-- Specify the app entry point class.                         -->
  <entry-point class='${package}.gwt.client.Application'/>
  
  <source path='client' />
</module>
