<?xml version="1.0" encoding="UTF-8"?>
<archetype-descriptor id="basic-webapp" name="basic-webapp">
  <fileSets>
    <fileSet filtered="true" packaged="false" encoding="UTF-8">
      <directory></directory>
      <includes>
        <include>pom.xml</include>
        <include>README.txt</include>
      </includes>
    </fileSet>
  </fileSets>
  <modules>
    <module name="${rootArtifactId}-model" id="${rootArtifactId}-model" dir="model">
      <fileSets>
        <fileSet filtered="true" packaged="true" encoding="UTF-8">
          <directory>src/main/java</directory>
          <includes>
            <include>**/*</include>
          </includes>
        </fileSet>
        <fileSet filtered="true" packaged="true" encoding="UTF-8">
          <directory>src/main/resources</directory>
          <includes>
            <include>**/*</include>
          </includes>
        </fileSet>
      </fileSets>
    </module>
    <module name="${rootArtifactId}-server" id="${rootArtifactId}-server" dir="server">
      <fileSets>
        <fileSet filtered="true" packaged="true" encoding="UTF-8">
          <directory>src/main/java</directory>
          <includes>
            <include>**/*.java</include>
          </includes>
        </fileSet>
        <fileSet filtered="true" packaged="true" encoding="UTF-8">
          <directory>src/main/resources</directory>
          <includes>
            <include>**/*</include>
          </includes>
        </fileSet>
        <fileSet filtered="false" encoding="UTF-8">
          <directory>src/main/webapp</directory>
          <includes>
            <include>*.html</include>
            <include>*.js</include>
          </includes>
        </fileSet>
        <fileSet filtered="true" encoding="UTF-8">
          <directory>src/main/webapp/WEB-INF</directory>
          <includes>
            <include>**/*</include>
          </includes>
        </fileSet>
        <fileSet filtered="true" encoding="UTF-8">
          <directory>src/main/etc</directory>
          <includes>
            <include>**/*</include>
          </includes>
        </fileSet>
        <fileSet filtered="true" packaged="true" encoding="UTF-8">
          <directory>src/test/java</directory>
          <includes>
            <include>**/*.java</include>
          </includes>
        </fileSet>
        <fileSet filtered="true" packaged="true" encoding="UTF-8">
          <directory>src/test/resources</directory>
          <includes>
            <include>**/*</include>
          </includes>
        </fileSet>
      </fileSets>
    </module>
  </modules>
</archetype-descriptor>